AMB_TEMP,RAINFALL,RH,WIND_SPEED,hour_0,hour_1,hour_10,hour_11,hour_12,hour_13,hour_14,hour_15,hour_16,hour_17,hour_18,hour_19,hour_2,hour_20,hour_21,hour_22,hour_23,hour_3,hour_4,hour_5,hour_6,hour_7,hour_8,hour_9,season_1,season_2,season_3,season_4,t-1,t-10,t-11,t-12,t-2,t-3,t-4,t-5,t-6,t-7,t-8,t-9,weekday_1,weekday_2,weekday_3,weekday_4,weekday_5,weekday_6,weekday_7
-0.476308773511,-0.166728640562,-0.141730458015,-0.660860313206,-0.733893400505,-0.780013150721,0.613682493208,0.418229838845,0.326233916785,0.000644486001624,0.355150003286,0.300243722813,0.486852393916,0.346629530687,0.107351710581,-0.289696731143,-0.722094657507,-0.39537052093,-0.638323640396,-0.629781599599,-0.827183947967,-0.82690799089,-0.74008060059,-0.701057893905,0.0790702089096,1.38142570555,1.75424252579,1.11464759778,0.0267142261531,-0.258178773969,0.262591729845,-0.0311271820298,1.2102477782,0.148998640261,-0.0377618584917,0.00344568604637,-0.109571189441,-0.624978978865,0.633225234284,-0.0839294937593,-0.329798492481,0.33265177648,-0.0518503392874,-0.151191778698,0.0396678865943,-0.0961265849187,-0.0474922997091,0.0299652056835,-0.0252754072713,0.113970238307,-0.0147090386855
