AMB_TEMP,RAINFALL,RH,WIND_SPEED,hour_0,hour_1,hour_10,hour_11,hour_12,hour_13,hour_14,hour_15,hour_16,hour_17,hour_18,hour_19,hour_2,hour_20,hour_21,hour_22,hour_23,hour_3,hour_4,hour_5,hour_6,hour_7,hour_8,hour_9,season_1,season_2,season_3,season_4,t-1,t-10,t-11,t-12,t-2,t-3,t-4,t-5,t-6,t-7,t-8,t-9,weekday_1,weekday_2,weekday_3,weekday_4,weekday_5,weekday_6,weekday_7
-3.46364902037,-0.142747043927,-2.91256887396,-3.7841841719,2.10266683476,1.6251806655,-0.526077852633,-0.435729225304,-0.300745126954,-0.184627815549,-0.242179321347,-0.557343201607,-1.48079607282,-2.45889494854,-3.30565628056,-3.19247677469,0.853641681553,-1.7478604915,0.46751198939,2.02428331122,2.40728910333,0.413357416955,0.108843556273,0.408849323058,0.993500331284,1.67131653076,1.18230979513,0.173636572277,0.564908110044,-1.97329012738,1.90573586746,-0.497353850125,0.361928316931,0.0329390834262,-0.0235730278686,0.125298831605,-0.114090089665,-0.0385969935431,0.167373398651,-0.0641759953729,0.00266338255651,0.0858898182108,-0.0458284774669,0.0440731135778,0.577600213507,-1.11716583229,0.327959926351,-0.170513945675,0.359424420967,0.745671954254,-0.722976737118
